lambda,avg_cost,avg_quality,n
0.0,6374.2,0.5398599999999999,15
0.1,5300.6,0.5398599999999999,15
0.2,5143.133333333333,0.5424,15
0.3,4585.8,0.54248,15
0.5,3876.0666666666666,0.5271866666666667,15
0.7,5558.6,0.5298066666666666,15
1.0,4054.133333333333,0.5271866666666667,15
