lambda,avg_cost,avg_quality,n
0.0,9747.866666666667,0.48879333333333336,30
0.1,9634.433333333332,0.4768233333333333,30
0.2,8876.5,0.47086,30
0.3,4147.5,0.44880000000000003,30
0.5,2836.5,0.44847000000000004,30
0.7,1941.5666666666666,0.4624666666666667,30
1.0,1864.8333333333333,0.46231666666666665,30
