lambda,avg_cost,avg_quality,n
0.0,13366.566666666668,0.46890333333333334,30
0.1,7903.933333333333,0.46392,30
0.2,7682.333333333333,0.47012333333333334,30
0.3,7687.2,0.47053,30
0.5,10403.7,0.4633333333333333,30
0.7,5602.633333333333,0.44839333333333337,30
1.0,4995.833333333333,0.44839,30
