lambda,avg_cost,avg_quality,n
0.0,9770.053333333333,0.518316,75
0.1,9395.28,0.5166293333333334,75
0.2,9827.266666666666,0.5143666666666666,75
0.3,5173.826666666667,0.5121653333333334,75
0.5,3196.0266666666666,0.5151066666666667,75
0.7,1671.96,0.5222519999999999,75
1.0,1430.0133333333333,0.5176373333333334,75
